{
  "contents": [
    [
      1693,
      341,
      1755,
      878,
      "ひじき摘菜の類"
    ],
    [
      1590,
      255,
      1663,
      1356,
      "右の類細かに切沢山に入れよく煮たる時味噌"
    ],
    [
      1498,
      256,
      1570,
      1380,
      "三拾目ばかり塩はよき程入焚て一時計むまし"
    ],
    [
      1408,
      262,
      1474,
      1368,
      "置なり此分量にて凡十五六人前の一度の食になるよし"
    ],
    [
      1315,
      336,
      1382,
      1321,
      "飢饉の年人の多く死するは冬の末春の初より三月頃"
    ],
    [
      1227,
      331,
      1290,
      1325,
      "までにあるものなり此頃菜大根いもなども取"
    ],
    [
      1137,
      329,
      1202,
      1329,
      "納め食物になる品至てすくなきものなり其頃に"
    ],
    [
      1046,
      327,
      1110,
      1281,
      "取べき草類を図にあらはし知らしむることしかり"
    ],
    [
      827,
      695,
      873,
      891,
      "あざみ蕪"
    ],
    [
      775,
      751,
      813,
      970,
      "あくにてゆてる"
    ],
    [
      271,
      313,
      322,
      617,
      "つりかねそう沙参"
    ]
  ],
  "imginfo": {
    "img_width": 2048,
    "img_height": 1767,
    "img_path": "/shared/input/img/digidepo_2536199_0005.jpg",
    "img_name": "digidepo_2536199_0005.jpg"
  }
}